{
  "project_info": {
    "project_number": "1091060576717",
    "project_id": "nova-545cd",
    "storage_bucket": "nova-545cd.appspot.com"
  },
  "client": [
    {
      "client_info": {
        "mobilesdk_app_id": "1:1091060576717:android:4a22b3297e83659a4e5484",
        "android_client_info": {
          "package_name": "com.nova.healthcare"
        }
      },
      "oauth_client": [
        {
          "client_id": "1091060576717-nmqagh0l7hr04h5dbrhci9791mbr3n9q.apps.googleusercontent.com",
          "client_type": 1,
          "android_info": {
            "package_name": "com.nova.healthcare",
            "certificate_hash": "4ce87c57fad5a1c066e4d64c2955743e83cf87e9"
          }
        },
        {
          "client_id": "1091060576717-7htnt360pfliqe8mkog9djbnfbhjmafe.apps.googleusercontent.com",
          "client_type": 3
        }
      ],
      "api_key": [
        {
          "current_key": "AIzaSyCVvSuTCgLKmPwnD9RSGG1NCBV_UwgZz-4"
        }
      ],
      "services": {
        "appinvite_service": {
          "other_platform_oauth_client": [
            {
              "client_id": "1091060576717-7htnt360pfliqe8mkog9djbnfbhjmafe.apps.googleusercontent.com",
              "client_type": 3
            }
          ]
        }
      }
    },
    {
      "client_info": {
        "mobilesdk_app_id": "1:1091060576717:android:fabc1e428372be094e5484",
        "android_client_info": {
          "package_name": "com.nova.healthcareuser"
        }
      },
      "oauth_client": [
        {
          "client_id": "1091060576717-gt9d7df5csfi45pufesl0g48cictio7d.apps.googleusercontent.com",
          "client_type": 1,
          "android_info": {
            "package_name": "com.nova.healthcareuser",
            "certificate_hash": "d27c000f475c124102827f8cc203686eb387433f"
          }
        },
        {
          "client_id": "1091060576717-p0rqsamg37gvl6ousd7kij0gigdv9ato.apps.googleusercontent.com",
          "client_type": 1,
          "android_info": {
            "package_name": "com.nova.healthcareuser",
            "certificate_hash": "3534322bea3cc2538d7d9ada9eb58b3f6630e274"
          }
        },
        {
          "client_id": "1091060576717-7htnt360pfliqe8mkog9djbnfbhjmafe.apps.googleusercontent.com",
          "client_type": 3
        }
      ],
      "api_key": [
        {
          "current_key": "AIzaSyCVvSuTCgLKmPwnD9RSGG1NCBV_UwgZz-4"
        }
      ],
      "services": {
        "appinvite_service": {
          "other_platform_oauth_client": [
            {
              "client_id": "1091060576717-7htnt360pfliqe8mkog9djbnfbhjmafe.apps.googleusercontent.com",
              "client_type": 3
            }
          ]
        }
      }
    }
  ],
  "configuration_version": "1"
}